point,coordinates,seeds,net_median,net_mean,net_ci95_low,net_ci95_high,net_after_idle_median,max_drawdown_worst,daily_cvar95_median,liquidations,bankrupt_fraction,fills_median,accepted_notional_median,hurdle,break_even,binding,limit_label
0,hedge.band_pct_nav=10.0|venue.execution_assumption=taker_only|margin.leverage=3.0|mix=balanced,2,0.12398,0.12398,-0.26328,0.51124,0.08466,0.0994,-0.00451,2,0.00,2944.5,12532699,0.1200,false,liquidation,demand_limited
1,hedge.band_pct_nav=10.0|venue.execution_assumption=taker_only|margin.leverage=3.0|mix=call_heavy,2,0.04977,0.04977,-0.75665,0.85619,0.01150,0.0504,-0.00480,1,0.00,2586.5,10143556,0.1200,false,liquidation,uneconomic
2,hedge.band_pct_nav=10.0|venue.execution_assumption=taker_only|margin.leverage=3.0|mix=put_heavy,2,0.17374,0.17374,-0.05354,0.40102,0.13536,0.1863,-0.00525,2,0.00,3057.0,14125471,0.1200,false,liquidation,capital_limited
3,hedge.band_pct_nav=10.0|venue.execution_assumption=taker_only|margin.leverage=10.0|mix=balanced,2,0.06254,0.06254,-0.48383,0.60892,0.02387,0.1080,-0.00465,11,0.00,2945.0,12546172,0.1200,false,liquidation,uneconomic
4,hedge.band_pct_nav=10.0|venue.execution_assumption=taker_only|margin.leverage=10.0|mix=call_heavy,2,0.05028,0.05028,-0.44315,0.54372,0.01116,0.0502,-0.00518,2,0.00,2586.5,10143556,0.1200,false,liquidation,uneconomic
5,hedge.band_pct_nav=10.0|venue.execution_assumption=taker_only|margin.leverage=10.0|mix=put_heavy,2,0.20723,0.20723,0.00791,0.40654,0.16516,0.1499,-0.00541,10,0.00,3067.0,14167114,0.1200,false,liquidation,demand_limited
6,hedge.band_pct_nav=10.0|venue.execution_assumption=conservative|margin.leverage=3.0|mix=balanced,2,-0.06384,-0.06384,-0.18542,0.05774,-0.09727,0.1846,-0.00809,4,0.00,2942.0,12548197,0.1200,false,liquidation,uneconomic
7,hedge.band_pct_nav=10.0|venue.execution_assumption=conservative|margin.leverage=3.0|mix=call_heavy,2,0.03284,0.03284,-0.71790,0.78359,-0.00501,0.0489,-0.00511,1,0.00,2584.5,10136952,0.1200,false,liquidation,uneconomic
8,hedge.band_pct_nav=10.0|venue.execution_assumption=conservative|margin.leverage=3.0|mix=put_heavy,2,0.18576,0.18576,-0.64862,1.02014,0.14714,0.2417,-0.00529,2,0.00,3053.0,14109836,0.1200,false,liquidation,capital_limited
9,hedge.band_pct_nav=10.0|venue.execution_assumption=conservative|margin.leverage=10.0|mix=balanced,2,-0.03563,-0.03563,-0.32846,0.25720,-0.07103,0.1627,-0.00579,9,0.00,2942.0,12545991,0.1200,false,liquidation,uneconomic
10,hedge.band_pct_nav=10.0|venue.execution_assumption=conservative|margin.leverage=10.0|mix=call_heavy,2,0.02870,0.02870,-0.77472,0.83212,-0.00974,0.0551,-0.00509,2,0.00,2584.5,10136952,0.1200,false,liquidation,uneconomic
11,hedge.band_pct_nav=10.0|venue.execution_assumption=conservative|margin.leverage=10.0|mix=put_heavy,2,-0.06161,-0.06161,-0.58547,0.46224,-0.09558,0.2424,-0.01043,10,0.00,3018.5,13976057,0.1200,false,liquidation,uneconomic
12,hedge.band_pct_nav=20.0|venue.execution_assumption=taker_only|margin.leverage=3.0|mix=balanced,2,0.14223,0.14223,-0.97181,1.25627,0.10214,0.0722,-0.00627,1,0.00,2927.0,12467431,0.1200,false,liquidation,demand_limited
13,hedge.band_pct_nav=20.0|venue.execution_assumption=taker_only|margin.leverage=3.0|mix=call_heavy,2,0.05176,0.05176,-0.31679,0.42030,0.01334,0.0638,-0.00616,0,0.00,2573.0,10105167,0.1200,false,median net 0.0518 < hurdle 0.1200,uneconomic
14,hedge.band_pct_nav=20.0|venue.execution_assumption=taker_only|margin.leverage=3.0|mix=put_heavy,2,0.15967,0.15967,-1.31895,1.63829,0.12202,0.1955,-0.00653,3,0.00,3045.0,14071216,0.1200,false,liquidation,demand_limited
15,hedge.band_pct_nav=20.0|venue.execution_assumption=taker_only|margin.leverage=10.0|mix=balanced,2,0.19601,0.19601,0.10859,0.28343,0.15297,0.0608,-0.00605,5,0.00,2926.0,12466913,0.1200,false,liquidation,demand_limited
16,hedge.band_pct_nav=20.0|venue.execution_assumption=taker_only|margin.leverage=10.0|mix=call_heavy,2,0.05209,0.05209,-0.31213,0.41632,0.01297,0.0638,-0.00616,1,0.00,2573.0,10105167,0.1200,false,liquidation,uneconomic
17,hedge.band_pct_nav=20.0|venue.execution_assumption=taker_only|margin.leverage=10.0|mix=put_heavy,2,0.13256,0.13256,-0.33480,0.59993,0.09324,0.1633,-0.00617,11,0.00,3055.0,14112449,0.1200,false,liquidation,demand_limited
18,hedge.band_pct_nav=20.0|venue.execution_assumption=conservative|margin.leverage=3.0|mix=balanced,2,0.08166,0.08166,-0.37370,0.53701,0.04350,0.0852,-0.00728,1,0.00,2925.0,12460845,0.1200,false,liquidation,uneconomic
19,hedge.band_pct_nav=20.0|venue.execution_assumption=conservative|margin.leverage=3.0|mix=call_heavy,2,0.04828,0.04828,-0.29723,0.39379,0.01007,0.0484,-0.00634,0,0.00,2571.0,10089227,0.1200,false,median net 0.0483 < hurdle 0.1200,uneconomic
20,hedge.band_pct_nav=20.0|venue.execution_assumption=conservative|margin.leverage=3.0|mix=put_heavy,2,0.07698,0.07698,-1.71019,1.86415,0.04199,0.1898,-0.00940,3,0.00,3016.5,13977734,0.1200,false,liquidation,uneconomic
21,hedge.band_pct_nav=20.0|venue.execution_assumption=conservative|margin.leverage=10.0|mix=balanced,2,0.12030,0.12030,-0.36069,0.60130,0.08019,0.0639,-0.00642,4,0.00,2925.5,12463403,0.1200,false,liquidation,demand_limited
22,hedge.band_pct_nav=20.0|venue.execution_assumption=conservative|margin.leverage=10.0|mix=call_heavy,2,0.04828,0.04828,-0.29723,0.39380,0.00943,0.0484,-0.00634,0,0.00,2571.0,10089227,0.1200,false,median net 0.0483 < hurdle 0.1200,uneconomic
23,hedge.band_pct_nav=20.0|venue.execution_assumption=conservative|margin.leverage=10.0|mix=put_heavy,2,-0.08200,-0.08200,-0.19507,0.03106,-0.11469,0.2119,-0.01251,8,0.00,3002.0,13921567,0.1200,false,liquidation,uneconomic
